label,label_from,label_to,successor,successor_from,kind,camp,satellite_of,individual_exceptions,source,note
새정치국민회의,,2000-01-19,새천년민주당,2000-01-20,merger_into,progressive,,,https://ko.wikipedia.org/wiki/민주당 (2000년 대한민국) (raw wikitext saved v10/raw/05_members/sources/wiki/민주당 (2000년 대한민국).wiki),founding date of 새정치국민회의 not verified here (outside window)
새천년민주당,2000-01-20,2005-05-05,민주당(2005),2005-05-06,rename,progressive,,2003-09~11: ~40 members left to form 열린우리당 (individual),https://ko.wikipedia.org/wiki/민주당 (2000년 대한민국) (raw wikitext saved v10/raw/05_members/sources/wiki/민주당 (2000년 대한민국).wiki),개명전 새천년민주당 (2000-01-20 ~ 2005-05-06)
민주당(2005),2005-05-06,2007-06-26,중도통합민주당,2007-06-27,merger_into,progressive,,,https://ko.wikipedia.org/wiki/민주당 (2000년 대한민국) (raw wikitext saved v10/raw/05_members/sources/wiki/민주당 (2000년 대한민국).wiki),"해산 2007-06-27 (선언), 후계정당 중도통합민주당; v9 label '민주당' in term 17"
중도통합민주당,2007-06-27,2008-02-16,통합민주당,2008-02-17,merger_into,progressive,,,https://ko.wikipedia.org/wiki/대통합민주신당 (raw wikitext saved v10/raw/05_members/sources/wiki/대통합민주신당.wiki),intermediate names (중도통합민주당 -> 민주당(2007)) not verified; merged with 대통합민주신당 2008-02-17
열린우리당,2003-11-11,2007-08-19,대통합민주신당,2007-08-20,merger_into,progressive,,mass defections Jan-Aug 2007 (individual),https://ko.wikipedia.org/wiki/열린우리당 (raw wikitext saved v10/raw/05_members/sources/wiki/열린우리당.wiki),창당 2003-11-11; 해산 2007-08-20 (흡수 합당)
개혁국민정당,2002-08-28,2004-09-12,,2004-09-13,dissolved,progressive,,,https://ko.wikipedia.org/wiki/개혁국민정당 (raw wikitext saved v10/raw/05_members/sources/wiki/개혁국민정당.wiki),"its 2 legislators (김원웅, 유시민) left 2003-11-03 to found 열린우리당 (wiki 열린우리당)"
대통합민주신당,2007-08-05,2008-02-16,통합민주당,2008-02-17,merger_into,progressive,,,https://ko.wikipedia.org/wiki/대통합민주신당 (raw wikitext saved v10/raw/05_members/sources/wiki/대통합민주신당.wiki),해산 2008-02-17 (선언) / 2008-02-18 (등록)
통합민주당,2008-02-17,2008-07-05,민주당(2008),2008-07-06,rename,progressive,,,https://ko.wikipedia.org/wiki/민주당 (2008년 대한민국) (raw wikitext saved v10/raw/05_members/sources/wiki/민주당 (2008년 대한민국).wiki),개명전 통합민주당 (2008-02-17 ~ 2008-07-06)
민주당(2008),2008-07-06,2011-12-15,민주통합당,2011-12-16,merger_into,progressive,,,https://ko.wikipedia.org/wiki/민주당 (2011년 대한민국) (raw wikitext saved v10/raw/05_members/sources/wiki/민주당 (2011년 대한민국).wiki),민주통합당 창당 2011-12-16 (민주당+시민통합당); 민주당(2008) 해산 2011-12-23 (등록); v9 label '민주당' in term 18
민주통합당,2011-12-16,2013-05-03,민주당(2013),2013-05-04,rename,progressive,,,https://ko.wikipedia.org/wiki/민주당 (2011년 대한민국) (raw wikitext saved v10/raw/05_members/sources/wiki/민주당 (2011년 대한민국).wiki),개명전 민주통합당 (2011-12-16 ~ 2013-05-04)
민주당(2013),2013-05-04,2014-03-25,새정치민주연합,2014-03-26,merger_into,progressive,,,https://ko.wikipedia.org/wiki/민주당 (2011년 대한민국) (raw wikitext saved v10/raw/05_members/sources/wiki/민주당 (2011년 대한민국).wiki),"해산 2014-03-26, 후계정당 새정치민주연합"
새정치민주연합,2014-03-26,2015-12-27,더불어민주당,2015-12-28,rename,progressive,,Dec 2015-Feb 2016: 안철수 group left to found 국민의당(2016) (individual),https://ko.wikipedia.org/wiki/더불어민주당 (raw wikitext saved v10/raw/05_members/sources/wiki/더불어민주당.wiki),개명전 새정치민주연합 (2014-03-26~2015-12-27)
더불어민주당,2015-12-28,,,,,progressive,,,https://ko.wikipedia.org/wiki/더불어민주당 (raw wikitext saved v10/raw/05_members/sources/wiki/더불어민주당.wiki),
더불어시민당,2020-03-08,2020-05-12,더불어민주당,2020-05-13,merger_into,progressive,더불어민주당,"기본소득당/시대전환 list members returned to own parties (선거연합 = 더불어민주당, 기본소득당, 시대전환)",https://ko.wikipedia.org/wiki/더불어시민당 (raw wikitext saved v10/raw/05_members/sources/wiki/더불어시민당.wiki),'2020년 5월 13일 더불어민주당과 합당'
열린민주당,2020-03-08,2022-02-02,더불어민주당,2022-02-03,merger_into,progressive,,,"https://ko.wikipedia.org/wiki/열린민주당 (raw wikitext saved v10/raw/05_members/sources/wiki/열린민주당.wiki) ; record.assembly.go.kr viewer id 46479 (21대 본회의 보고사항 '◯통지' 2022. 2. 3.: 존속하는 정당 더불어민주당, 흡수되는 정당 열린민주당; '◯교섭단체 가입' 강민정·김의겸·최강욱 2022. 2. 3.)",wiki: '2022년 1월 18일 더불어민주당과 합당하며 해산' (resolution); successor_from uses the merger notice date reported to the plenary (2022-02-03)
더불어민주연합,2024-03-03,2024-05-07,더불어민주당,2024-05-08,merger_into,progressive,더불어민주당,"2024-04-25 expelled 4 elected members who returned to own parties: 정혜경, 전종덕 (진보당), 용혜인 (기본소득당), 한창민 (사회민주당)",https://ko.wikipedia.org/wiki/더불어민주연합 (raw wikitext saved v10/raw/05_members/sources/wiki/더불어민주연합.wiki),"흡수합당 (NEC 공고 제2024-235호, 2024-05-08, cited in page source)"
한나라당,1997-11-21,2012-02-12,새누리당,2012-02-13,rename,conservative,,,https://ko.wikipedia.org/wiki/자유한국당 (raw wikitext saved v10/raw/05_members/sources/wiki/자유한국당.wiki),개명전 한나라당 (1997-11-21 ~ 2012-02-13)
새누리당,2012-02-13,2017-02-12,자유한국당,2017-02-13,rename,conservative,,Dec 2016-Jan 2017: 바른정당 split (individual),https://ko.wikipedia.org/wiki/자유한국당 (raw wikitext saved v10/raw/05_members/sources/wiki/자유한국당.wiki),개명전 새누리당 (2012-02-13 ~ 2017-02-13)
자유한국당,2017-02-13,2020-02-16,미래통합당,2020-02-17,merger_into,conservative,,,https://ko.wikipedia.org/wiki/국민의힘 (raw wikitext saved v10/raw/05_members/sources/wiki/국민의힘.wiki),미래통합당 (2020-02-17~2020-09-02); NEC registration 2020-02-18 (창당 field)
미래통합당,2020-02-17,2020-09-01,국민의힘,2020-09-02,rename,conservative,,,https://ko.wikipedia.org/wiki/국민의힘 (raw wikitext saved v10/raw/05_members/sources/wiki/국민의힘.wiki),
국민의힘,2020-09-02,,,,,conservative,,,https://ko.wikipedia.org/wiki/국민의힘 (raw wikitext saved v10/raw/05_members/sources/wiki/국민의힘.wiki),
미래한국당,2020-02-05,2020-05-28,미래통합당,2020-05-29,merger_into,conservative,미래통합당,,https://ko.wikipedia.org/wiki/미래한국당 (raw wikitext saved v10/raw/05_members/sources/wiki/미래한국당.wiki),"해산 2020-05-29, 통합정당 미래통합당"
국민의미래,2024-02-27,2024-04-22,국민의힘,2024-04-23,merger_into,conservative,국민의힘,,https://ko.wikipedia.org/wiki/국민의미래 (raw wikitext saved v10/raw/05_members/sources/wiki/국민의미래.wiki),"해산 2024-04-23 (NEC 정당 합당신고 공고(흡수합당) - 국민의힘, cited); 창당 2024-02-27 (NEC 등록 공고)"
친박연대,2008-03-21,2010-02-11,미래희망연대,2010-02-12,rename,conservative,,,https://ko.wikipedia.org/wiki/미래희망연대 (raw wikitext saved v10/raw/05_members/sources/wiki/미래희망연대.wiki),개명전 친박연대 (2008.03.21 ~ 2010.02.12)
미래희망연대,2010-02-12,2012-02-01,한나라당,2012-02-02,merger_into,conservative,,,https://ko.wikipedia.org/wiki/미래희망연대 (raw wikitext saved v10/raw/05_members/sources/wiki/미래희망연대.wiki),"해산 2012-02-02, 통합정당 한나라당"
자유선진당,2008-02-01,2012-05-28,선진통일당,2012-05-29,rename,conservative,,,https://ko.wikipedia.org/wiki/선진통일당 (raw wikitext saved v10/raw/05_members/sources/wiki/선진통일당.wiki),개명전 자유선진당 (2008.2.1~2012.5.29)
선진통일당,2012-05-29,2012-11-15,새누리당,2012-11-16,merger_into,conservative,,some members joined 민주통합당 individually,https://ko.wikipedia.org/wiki/선진통일당 (raw wikitext saved v10/raw/05_members/sources/wiki/선진통일당.wiki),"해산 2012-11-16, 후계정당 새누리당 (민주통합당 개별 합류 일부)"
국민중심당,2006-01-17,2008-02-11,자유선진당,2008-02-12,merger_into,conservative,,,https://ko.wikipedia.org/wiki/국민중심당 (raw wikitext saved v10/raw/05_members/sources/wiki/국민중심당.wiki),해산 2008-02-12 (자유선진당과 합당)
자유민주연합,1995-03-30,2006-04-06,,2006-04-07,dissolved,conservative,,,https://ko.wikipedia.org/wiki/자유민주연합 (raw wikitext saved v10/raw/05_members/sources/wiki/자유민주연합.wiki),해산 2006-04-07; members joined 한나라당 individually (wiki body)
희망의한국신당,2000-02-15,2001-10-19,,2001-10-20,dissolved,conservative,,,https://ko.wikipedia.org/wiki/희망의한국신당 (raw wikitext saved v10/raw/05_members/sources/wiki/희망의한국신당.wiki),v9 label '한국신당' (약칭)
민주국민당,2000-03-08,2004-04-17,,2004-04-18,registration_cancelled,conservative,,,https://ko.wikipedia.org/wiki/민주국민당 (2000년) (raw wikitext saved v10/raw/05_members/sources/wiki/민주국민당 (2000년).wiki),
국민통합21,2002-11-11,2004-09-12,,2004-09-13,registration_cancelled,other,,,https://ko.wikipedia.org/wiki/국민통합21 (raw wikitext saved v10/raw/05_members/sources/wiki/국민통합21.wiki),
바른정당,2017-01-24,2018-02-12,바른미래당,2018-02-13,merger_into,conservative,,May & Nov 2017: many members returned to 자유한국당 (individual),https://ko.wikipedia.org/wiki/바른정당 (raw wikitext saved v10/raw/05_members/sources/wiki/바른정당.wiki),분당전 새누리당
새로운보수당,2020-01-05,2020-02-16,미래통합당,2020-02-17,merger_into,conservative,,,https://ko.wikipedia.org/wiki/새로운보수당 (raw wikitext saved v10/raw/05_members/sources/wiki/새로운보수당.wiki),
국민의당(2020),2020-02-23,2022-05-02,국민의힘,2022-05-03,merger_into,other,,,https://ko.wikipedia.org/wiki/국민의당 (2020년) (raw wikitext saved v10/raw/05_members/sources/wiki/국민의당 (2020년).wiki),"해산 2022-05-03, 후계정당 국민의힘; v9 label '국민의당' in term 21"
시대전환,2020-02-23,2023-12-26,국민의힘,2023-12-27,merger_into,other,,,https://ko.wikipedia.org/wiki/시대전환 (raw wikitext saved v10/raw/05_members/sources/wiki/시대전환.wiki),"해산 2023-12-27, 통합정당 국민의힘"
국민의당(2016),2016-02-02,2018-02-12,바른미래당,2018-02-13,merger_into,other,,2018-02-06: 민주평화당 split (individual),https://ko.wikipedia.org/wiki/국민의당 (2016년) (raw wikitext saved v10/raw/05_members/sources/wiki/국민의당 (2016년).wiki),v9 label '국민의당' in term 20
바른미래당,2018-02-13,2020-02-23,민생당,2020-02-24,merger_into,other,,분당후 새로운보수당 / 미래를향한전진4.0 / 국민의당(2020) (individual),https://ko.wikipedia.org/wiki/바른미래당 (raw wikitext saved v10/raw/05_members/sources/wiki/바른미래당.wiki),해산 2020-02-24
민주평화당,2018-02-06,2020-02-23,민생당,2020-02-24,merger_into,other,,,https://ko.wikipedia.org/wiki/민주평화당 (raw wikitext saved v10/raw/05_members/sources/wiki/민주평화당.wiki),
대안신당,2020-01-12,2020-02-23,민생당,2020-02-24,merger_into,other,,,https://ko.wikipedia.org/wiki/대안신당 (raw wikitext saved v10/raw/05_members/sources/wiki/대안신당.wiki),
민생당,2020-02-24,,,,,other,,,https://ko.wikipedia.org/wiki/민주평화당 (2020년) (raw wikitext saved v10/raw/05_members/sources/wiki/민주평화당 (2020년).wiki),page title 민주평화당 (2020년) (redirect from 민생당)
창조한국당,2007-10-30,2012-04-25,,2012-04-26,registration_cancelled,other,,,https://ko.wikipedia.org/wiki/창조한국당 (raw wikitext saved v10/raw/05_members/sources/wiki/창조한국당.wiki),
민주노동당,,2011-12-12,통합진보당,2011-12-13,merger_into,left,,,https://ko.wikipedia.org/wiki/통합진보당 (raw wikitext saved v10/raw/05_members/sources/wiki/통합진보당.wiki),founding date of 민주노동당 (2000) not verified here; 통합진보당 창당 2011-12-13
진보신당,2008-03-16,,,,,left,,,https://ko.wikipedia.org/wiki/진보신당 (raw wikitext saved v10/raw/05_members/sources/wiki/진보신당.wiki),분당전 민주노동당
통합진보당,2011-12-13,2014-12-18,,2014-12-19,court_dissolved,left,,2012-10 split to 진보정의당 (individual),https://ko.wikipedia.org/wiki/통합진보당 (raw wikitext saved v10/raw/05_members/sources/wiki/통합진보당.wiki),강제 해산 2014-12-19 (헌재); its legislators lost their seats
정의당,2012-10-21,,,,,left,,,https://ko.wikipedia.org/wiki/정의당 (대한민국) (raw wikitext saved v10/raw/05_members/sources/wiki/정의당 (대한민국).wiki),진보정의당 2012-10-21~2013-07-21; 정의당 2013-07-21~2024-02-03; 녹색정의당 2024-02-03~04-30; 정의당 2024-04-30~2025-05-05; 민주노동당 2025-05-05~2025-07-19
진보당,2017-10-15,,,,,left,,,https://ko.wikipedia.org/wiki/진보당 (2017년 대한민국) (raw wikitext saved v10/raw/05_members/sources/wiki/진보당 (2017년 대한민국).wiki),민중당 2017-10-15; renamed 진보당 2020-06-20
기본소득당,2020-01-19,,,,,other,,,https://ko.wikipedia.org/wiki/기본소득당 (raw wikitext saved v10/raw/05_members/sources/wiki/기본소득당.wiki),
조국혁신당,,,,,,progressive,,,https://ko.wikipedia.org/wiki/조국혁신당 (raw wikitext saved v10/raw/05_members/sources/wiki/조국혁신당.wiki),founding date not verified (page comments cite 창당 선언 2024-02-13); no merger found in saved page (infobox 12 seats)
개혁신당,2024-01-20,,,,,other,,,https://ko.wikipedia.org/wiki/개혁신당 (raw wikitext saved v10/raw/05_members/sources/wiki/개혁신당.wiki),창당대회 2024-01-20; 신설합당 2024-02-06
새로운미래,2024-02-04,,새미래민주당,,rename,other,,,https://ko.wikipedia.org/wiki/새미래민주당 (raw wikitext saved v10/raw/05_members/sources/wiki/새미래민주당.wiki),rename date not found in saved page
무소속,,,,,,independent,,,,
