start,end,president,status,acting_president,pres_party_formal,pres_party_elected_from,camp,source,note,pres_last_party
1998-02-25,2000-01-19,김대중,in_office,,새정치국민회의,새정치국민회의,progressive,https://www.pa.go.kr/online_contents/inauguration/president15.jsp?pSelect=15,Inauguration 1998-02-25 (pa.go.kr). Before the dataset window.,
2000-01-20,2002-05-05,김대중,in_office,,새천년민주당,새정치국민회의,progressive,https://www.pa.go.kr/online_contents/inauguration/president15.jsp?pSelect=15 ; https://ko.wikipedia.org/wiki/민주당 (2000년 대한민국) (raw wikitext saved v10/raw/05_members/sources/wiki/민주당 (2000년 대한민국).wiki),새천년민주당 founded 2000-01-20 from 새정치국민회의 (wiki infobox 창당).,
2002-05-06,2003-02-24,김대중,in_office,,,새정치국민회의,progressive,https://ko.wikipedia.org/wiki/김대중 (raw wikitext saved v10/raw/05_members/sources/wiki/김대중.wiki) ; https://ko.wikipedia.org/wiki/민주당 (2000년 대한민국) (raw wikitext saved v10/raw/05_members/sources/wiki/민주당 (2000년 대한민국).wiki),Left 새천년민주당 2002-05-06 (wiki: '2002.5.6. 새천년민주당 탈당'). Formally partyless to end of term.,새천년민주당
2003-02-25,2003-09-28,노무현,in_office,,새천년민주당,새천년민주당,progressive,https://www.pa.go.kr/online_contents/inauguration/president16.jsp?pSelect=16,Inauguration 2003-02-25; elected as 새천년민주당 candidate (pa.go.kr 선출결과 정당).,
2003-09-29,2004-03-11,노무현,in_office,,,새천년민주당,progressive,https://ko.wikipedia.org/wiki/민주당 (2000년 대한민국) (raw wikitext saved v10/raw/05_members/sources/wiki/민주당 (2000년 대한민국).wiki),"'2003년 9월 29일 노무현 대통령, 새천년민주당 탈당 (새천년민주당이 야당이 됨)'. 열린우리당 founded 2003-11-11 but 노무현 not a member until 2004-05-20.",새천년민주당
2004-03-12,2004-05-14,노무현,suspended_impeachment,고건,,새천년민주당,progressive,https://ko.wikipedia.org/wiki/노무현 (raw wikitext saved v10/raw/05_members/sources/wiki/노무현.wiki),"Impeachment passed 2004-03-12 (powers suspended, 고건 acting); 헌재 dismissed 2004-05-14. End day of suspension taken as the decision day.",새천년민주당
2004-05-15,2004-05-19,노무현,in_office,,,새천년민주당,progressive,https://ko.wikipedia.org/wiki/노무현 (raw wikitext saved v10/raw/05_members/sources/wiki/노무현.wiki),,새천년민주당
2004-05-20,2007-02-27,노무현,in_office,,열린우리당,새천년민주당,progressive,"https://ko.wikipedia.org/wiki/노무현 (raw wikitext saved v10/raw/05_members/sources/wiki/노무현.wiki) ; https://m.ktv.go.kr/program/again/view?content_id=77096 (KTV 국민방송, 한국정책방송원; saved v10/interim/pipeline/party_timeline/sources/ktv_77096.html, accessed 2026-09-27T01:21:38Z)","Joined 열린우리당 2004-05-20 ('5월 20일 노무현은 1당이 된 열린우리당에 ""수석 당원""으로 입당'). Exit declared 2007-02-22 (wiki); formal exit 2007-02-28, verified on KTV (next row).",
2007-02-28,2008-02-24,노무현,in_office,,,새천년민주당,progressive,"https://m.ktv.go.kr/program/again/view?content_id=77096 (KTV 국민방송, 한국정책방송원; saved v10/interim/pipeline/party_timeline/sources/ktv_77096.html, accessed 2026-09-27T01:21:38Z) ; https://ko.wikipedia.org/wiki/노무현 (raw wikitext saved v10/raw/05_members/sources/wiki/노무현.wiki)","KTV 2007.02.28: '노무현 대통령은 28일 오전 정태호 청와대 정무팀장을 열린우리당 중앙당사로 보내 송영길 사무총장에게 탈당계를 제출했습니다.' Partyless from the formal exit 2007-02-28 (exit declared 2007-02-22, wiki).",열린우리당
2008-02-25,2012-02-12,이명박,in_office,,한나라당,한나라당,conservative,https://www.pa.go.kr/online_contents/inauguration/president17.jsp?pSelect=17,Inauguration 2008-02-25; 선출결과 정당 한나라당.,
2012-02-13,2013-02-24,이명박,in_office,,새누리당,한나라당,conservative,https://www.pa.go.kr/online_contents/inauguration/president17.jsp?pSelect=17 ; https://ko.wikipedia.org/wiki/자유한국당 (raw wikitext saved v10/raw/05_members/sources/wiki/자유한국당.wiki),한나라당 renamed 새누리당 2012-02-13.,
2013-02-25,2016-12-08,박근혜,in_office,,새누리당,새누리당,conservative,https://www.pa.go.kr/online_contents/inauguration/president18.jsp?pSelect=18,Inauguration 2013-02-25; 선출결과 정당 새누리당.,
2016-12-09,2017-02-12,박근혜,suspended_impeachment,황교안,새누리당,새누리당,conservative,https://ko.wikipedia.org/wiki/박근혜 (raw wikitext saved v10/raw/05_members/sources/wiki/박근혜.wiki) ; https://ko.wikipedia.org/wiki/황교안 (raw wikitext saved v10/raw/05_members/sources/wiki/황교안.wiki),직무정지 2016-12-09~2017-03-10; 황교안 acting from 2016-12-09.,
2017-02-13,2017-03-09,박근혜,suspended_impeachment,황교안,자유한국당,새누리당,conservative,https://ko.wikipedia.org/wiki/자유한국당 (raw wikitext saved v10/raw/05_members/sources/wiki/자유한국당.wiki),새누리당 renamed 자유한국당 2017-02-13.,
2017-03-10,2017-05-09,,vacant_after_removal,황교안,,새누리당,conservative,https://www.pa.go.kr/online_contents/president/history18.jsp ; https://ko.wikipedia.org/wiki/황교안 (raw wikitext saved v10/raw/05_members/sources/wiki/황교안.wiki),"pa.go.kr: '파면 (2017년 3월 10일, 헌법재판소 탄핵결정으로 파면)'. 황교안 acting until 2017-05-10 (wiki 퇴임일2). No sitting president.",
2017-05-10,2022-05-09,문재인,in_office,,더불어민주당,더불어민주당,progressive,https://www.pa.go.kr/online_contents/inauguration/president19.jsp?pSelect=19,"Inauguration 2017-05-10 12:00 (by-election, term began on NEC decision); 선출결과 정당 더불어민주당.",
2022-05-10,2024-12-13,윤석열,in_office,,국민의힘,국민의힘,conservative,https://www.pa.go.kr/online_contents/inauguration/president20.jsp?pSelect=20,Inauguration 2022-05-10; 선출결과 정당 국민의힘.,
2024-12-14,2024-12-26,윤석열,suspended_impeachment,한덕수,국민의힘,국민의힘,conservative,https://ko.wikipedia.org/wiki/윤석열 (raw wikitext saved v10/raw/05_members/sources/wiki/윤석열.wiki) ; https://ko.wikipedia.org/wiki/한덕수 (raw wikitext saved v10/raw/05_members/sources/wiki/한덕수.wiki),직무 정지 2024-12-14~2025-04-04; 한덕수 acting 2024-12-14~2024-12-27.,
2024-12-27,2025-03-23,윤석열,suspended_impeachment,최상목,국민의힘,국민의힘,conservative,https://ko.wikipedia.org/wiki/최상목 (raw wikitext saved v10/raw/05_members/sources/wiki/최상목.wiki),최상목 acting 2024-12-27~2025-03-24 (boundary days overlap in sources; assigned to successor).,
2025-03-24,2025-04-03,윤석열,suspended_impeachment,한덕수,국민의힘,국민의힘,conservative,https://ko.wikipedia.org/wiki/한덕수 (raw wikitext saved v10/raw/05_members/sources/wiki/한덕수.wiki),한덕수 reinstated as acting 2025-03-24.,
2025-04-04,2025-05-01,,vacant_after_removal,한덕수,,국민의힘,conservative,https://www.pa.go.kr/online_contents/president/history20.jsp ; https://ko.wikipedia.org/wiki/한덕수 (raw wikitext saved v10/raw/05_members/sources/wiki/한덕수.wiki),"pa.go.kr: '파면 (2025년 4월 4일, 헌법재판소 탄핵결정으로 파면)'. 한덕수 acting to 2025-05-01. 윤석열 left 국민의힘 2025-05-17 (wiki) - after removal, irrelevant to incumbency.",
2025-05-02,2025-06-03,,vacant_after_removal,이주호,,국민의힘,conservative,https://ko.wikipedia.org/wiki/이주호 (1961년) (raw wikitext saved v10/raw/05_members/sources/wiki/이주호 (1961년).wiki),이주호 acting 2025-05-02~2025-06-04.,
2025-06-04,,이재명,in_office,,더불어민주당,더불어민주당,progressive,https://www.korea.kr/news/policyNewsView.do?newsId=148943945 ; https://ko.wikipedia.org/wiki/이재명 (raw wikitext saved v10/raw/05_members/sources/wiki/이재명.wiki),"정책브리핑: '4일 오전 6시 21분 임기 개시' (NEC decision; by-election, no transition). Party: 더불어민주당 candidate (wiki); on 2025-06-04 itself the term starts 06:21.",
